{"sections":{"main":{"type":"main-blog","blocks":{"cce46803-d705-47f5-bff7-22ff96b5fdb4":{"type":"sidebar_blog","settings":{"display_sidebar_blog_page":true,"show_sidebar":"left","display_sidebar_link":true,"sidebar_link_title":"Categories","style_categories":"style_little","link_list":"main-menu","sidebar_recent_art":true,"sidebar_blog_tags":false,"enable_product":true,"title_product":"Featured Products","collection":"collection-auto-part","limit":"8","enable_img_1":true,"link_img_1":"","enable_img_2":true,"link_img_2":"","enable_custom_block":true,"title_custom_block":"Custom Block","quote_custom_block":"<p>Add customer reviews and testimonials to showcase your store’s happy customers.<\/p>"}},"73eec332-3f45-47d0-a590-7f46b36daad9":{"type":"sidebar_blog","settings":{"display_sidebar_blog_page":true,"show_sidebar":"right","display_sidebar_link":true,"sidebar_link_title":"Categories","style_categories":"style_show_all","link_list":"main-menu","sidebar_recent_art":true,"sidebar_blog_tags":false,"enable_product":true,"title_product":"Featured Products","collection":"","limit":"8","enable_img_1":true,"link_img_1":"","enable_img_2":true,"link_img_2":"","enable_custom_block":true,"title_custom_block":"Custom Block","quote_custom_block":"<p>Add customer reviews and testimonials to showcase your store’s happy customers.<\/p>"}},"8cd86b89-5ccb-4e43-8046-d3de8f2795d6":{"type":"sidebar_blog","settings":{"display_sidebar_blog_page":true,"show_sidebar":"left","display_sidebar_link":true,"sidebar_link_title":"Categories","style_categories":"style_show_all","link_list":"main-menu","sidebar_recent_art":true,"sidebar_blog_tags":false,"enable_product":true,"title_product":"Featured Products","collection":"","limit":"8","enable_img_1":true,"link_img_1":"","enable_img_2":true,"link_img_2":"","enable_custom_block":true,"title_custom_block":"Custom Block","quote_custom_block":"<p>Add customer reviews and testimonials to showcase your store’s happy customers.<\/p>"}}},"block_order":["cce46803-d705-47f5-bff7-22ff96b5fdb4","73eec332-3f45-47d0-a590-7f46b36daad9","8cd86b89-5ccb-4e43-8046-d3de8f2795d6"],"settings":{"blog_post":"3","blog_text_align":"left","blog_show_author":true,"blog_show_date":true}}},"order":["main"]}