{"sections":{"main":{"type":"main-collection","blocks":{"e36f2e5d-da60-4d26-814d-96f006746360":{"type":"header","settings":{"display_collection_image":true,"collection_header_layout":"full","collection_header_style":"style_1","display_collection_des":true,"color_wrapper":"#ffffff","color_wrapper_mb":"#000000","bg_color_content":"rgba(0,0,0,0)","border_color_content":"rgba(0,0,0,0)","height_img":"500px","enable_sub":true,"sub_title":"Jump to:","sub_style":"style_1"}},"d76739e3-af37-4c29-9a07-c9f38694a170":{"type":"sidebar","settings":{"display_sidebar":true,"sidebar_style":"style_1","show_sidebar":"left","style_option_color":"Color","style_option_size":"Size","number_collapse":7,"enable_categories":true,"title_categories":"Categories","style_categories":"style_little","link_list":"main-menu","filter_option":"dynamic","enable_1":true,"title_1":"Color","list_tags_1":"White, Gold, Blue, Invory, Beige, Brown, Silver, Olive, Gainsboro, DimGray, Burlywood, Lightblue, Salmon, LightPink, LightCoral","enable_2":true,"title_2":"Size","list_tags_2":"S, XS, M, L, XL","enable_3":true,"title_3":"Price","list_tags_3":"Less than $1000.00, Above $400.00, $200.00 - $400.00, $100.00 - $200.00","enable_4":false,"title_4":"","list_tags_4":"","enable_5":false,"title_5":"","list_tags_5":"","enable_6":false,"title_6":"","list_tags_6":"","enable_7":false,"title_7":"","list_tags_7":"","enable_8":false,"title_8":"","list_tags_8":"","enable_9":false,"title_9":"","list_tags_9":"","enable_10":false,"title_10":"","list_tags_10":"","enable_product":true,"title_product":"Featured Product","collection":"collection-home-14-featured-products","limit":"2","enable_img_1":true,"link_img_1":"","enable_img_2":true,"link_img_2":"","enable_custom_block":true,"title_custom_block":"Custom Block","quote_custom_block":"<p>Custom CMS block displayed at the left sidebar on the Catalog Page. Put your own content here: text, html, images, media... whatever you like.<\/p><p>There are many similar sample content placeholders across the store. All editable from admin panel.<\/p>"}}},"block_order":["e36f2e5d-da60-4d26-814d-96f006746360","d76739e3-af37-4c29-9a07-c9f38694a170"],"settings":{"limited_view":true,"view_as_enable":true,"sort_enable":true,"collection_results_per_row":"3","collection_results_per_page":"24","color_button_more":"#232323","bg_color_button_more":"#ffffff","border_color_button_more":"#727272","show_countdown":true,"text_countdown":"End ins:","show_pro_des":true,"show_banner":true,"show_banner_1":true,"link_banner_1":"","show_banner_2":true,"link_banner_2":"","show_banner_3":true,"link_banner_3":"","show_banner_4":true,"link_banner_4":"","pro_image":"&nbsp;","pro_name":"Product","pro_price":"Price","pro_quantity":"Qty","pro_variant_options":"Options","btn_1_bg_color":"#232323","btn_1_border_color":"#232323","btn_1_text_color":"#ffffff","btn_2_bg_color":"#ffffff","btn_2_border_color":"#323232","btn_2_text_color":"#232323","btn_3_bg_color":"#ffffff","btn_3_border_color":"#e6e6e6","btn_3_text_color":"#232323","btn_4_bg_color":"#69c69c","btn_4_border_color":"#69c69c","btn_4_text_color":"#ffffff"}},"brand":{"type":"brand-supermarket","disabled":true,"blocks":{"f556f6c0-20b6-4812-be86-3b61dae2c99d":{"type":"image","settings":{"link":""}},"a4db2c71-5d51-4af1-806b-9ae60ec2e51c":{"type":"image","settings":{"link":""}},"8fffd828-159a-41a3-bd29-f9366b35e3f7":{"type":"image","settings":{"link":""}},"9c3fd765-93e7-4b38-b2a1-a16094ea0881":{"type":"image","settings":{"link":""}},"7c12ba15-1871-4844-9d30-646316737924":{"type":"image","settings":{"link":""}},"8b3a5b94-1016-4572-9e21-7fda758efe98":{"type":"image","settings":{"link":""}},"022180d3-a89e-468d-aa11-23fecdb552c8":{"type":"image","settings":{"link":""}},"16876113-848f-4733-9e8b-91762a5a2d5c":{"type":"image","settings":{"link":""}},"546848ad-b9c8-40d2-8090-3f814ee27287":{"type":"image","settings":{"link":""}}},"block_order":["f556f6c0-20b6-4812-be86-3b61dae2c99d","a4db2c71-5d51-4af1-806b-9ae60ec2e51c","8fffd828-159a-41a3-bd29-f9366b35e3f7","9c3fd765-93e7-4b38-b2a1-a16094ea0881","7c12ba15-1871-4844-9d30-646316737924","8b3a5b94-1016-4572-9e21-7fda758efe98","022180d3-a89e-468d-aa11-23fecdb552c8","16876113-848f-4733-9e8b-91762a5a2d5c","546848ad-b9c8-40d2-8090-3f814ee27287"],"settings":{"background_color":"#f5f5f5","heading":"Top Brands","item_per_row":"3","enable_all":true,"title_all":"View all","link":"","content":"<p>Custom CMS Block - Phasellus volutpat magna id mauris sodales et ornare urna molestie. Mauris non sem tincidunt, hendrerit nisi quis honcus felis. Suspendisse tempus mi durna in mattis nisl egestas quis. Proin nisi justo consectetur sed lacus an bibendum commodo diam. Praesent vulputate arcu eros quis accumsan odio malesuada at. Nulla vel ante magna. Cras ultricies nulla porttitor metus cursus malesuada. Sed convallis tempor ante ac semperos. It was popularised in the 1960s with the release of Letraset sheets containing Lorem Ipsum passages, and more recently with desktop publishing software like Aldus PageMaker including versions of Lorem Ipsum.<\/p><p>Contrary to popular belief, Lorem Ipsum is not simply random text. It has roots in a piece of classical Latin literature from 45 BC, making it over 2000 years old. Richard McClintock, a Latin professor at Hampden-Sydney College in Virginia, looked up one of the more obscure Latin words, consectetur, from a Lorem Ipsum passage, and going through the cites of the word in classical literature, discovered the undoubtable source. Lorem Ipsum comes from sections 1.10.32 and 1.10.33 of \"de Finibus Bonorum et Malorum\" (The Extremes of Good and Evil) by Cicero, written in 45 BC. This book is a treatise on the theory of ethics, very popular during the Renaissance. The first line of Lorem Ipsum, \"Lorem ipsum dolor sit amet..\", comes from a line in section 1.10.32.<\/p>","margin_bottom_mb":0,"margin_bottom_tab":0,"margin_bottom":0}},"testimonials":{"type":"collection-testimonials","disabled":true,"blocks":{"70f22cda-629d-4ad2-ba36-c65158e2ad9f":{"type":"customer","settings":{"enable":true,"title":"Annie Lee","info":"Chief Executive","content":"<p>Pellentesque scelerisque eget lectus vitae congue. Phasellus ut laoreet purus. Proin accumsan commodo venenatis. Nunc nedolus vestibulum nisl sit amet tristique libero. Nulla cursus hendrerit facilisis. Duis mattis sit amet neque etos cosmo condimentum aliquam deratorum volutpat nam scelerisque ipsum accumsan lorem placerat dignissim.<\/p>"}},"eb2b24d4-4271-4ee4-bb91-b8b7ca218940":{"type":"customer","settings":{"enable":true,"title":"Wild Wolf","info":"Wolf Executive","content":"<p>Pellentesque scelerisque eget lectus vitae congue. Phasellus ut laoreet purus. Proin accumsan commodo venenatis. Nunc nedolus vestibulum nisl sit amet tristique libero. Nulla cursus hendrerit facilisis. Duis mattis sit amet neque etos cosmo condimentum aliquam deratorum volutpat nam scelerisque ipsum accumsan lorem placerat dignissim.<\/p>"}}},"block_order":["70f22cda-629d-4ad2-ba36-c65158e2ad9f","eb2b24d4-4271-4ee4-bb91-b8b7ca218940"],"settings":{"display_customer":true}},"recently-view":{"type":"recently-viewed-products","settings":{"display_recently_viewed_products":true,"recently_viewed_products_title":"Recently Viewed Products","number_of_recently_viewed_products":"8","recently_viewed_products_per_row":"4"}}},"order":["main","brand","testimonials","recently-view"]}